2026-02-04,2026-03-13
2026-02-04,2026-03-13
2026-02-06,2026-03-15
2026-02-06,2026-03-15
2026-02-10,2026-03-19
2026-02-10,2026-03-19
2026-02-24,2026-03-23
2026-02-24,2026-03-23
2026-02-24,2026-03-23
2026-02-24,2026-03-23
2026-02-24,2026-03-23
2026-02-24,2026-03-23
2026-02-24,2026-03-23
2026-02-24,2026-03-23
2026-02-24,2026-03-23
2026-02-24,2026-03-23
2026-02-25,2026-03-24
2026-02-26,2026-03-25
2026-02-25,2026-03-24
2026-02-27,2026-03-26
2026-02-26,2026-03-25
2026-02-28,2026-03-27
2026-02-28,2026-03-27
2026-02-28,2026-03-27
2026-03-01,2026-03-31
2026-03-01,2026-03-31
2026-03-01,2026-03-31
2026-03-01,2026-03-31
2026-03-01,2026-03-31
2026-03-01,2026-03-31
2026-03-02,2026-04-01
2026-03-02,2026-04-01
2026-03-02,2026-04-01
2026-03-02,2026-04-01
2026-03-02,2026-04-01
